{"cameraMode":{"drawMode":0,"name":"Shaded","section":"Shading Mode"},"sceneLighting":true,"audioPlay":false,"sceneViewState":{"m_AlwaysRefresh":false,"showFog":true,"showSkybox":true,"showFlares":true,"showImageEffects":true,"showParticleSystems":true,"showVisualEffectGraphs":true,"m_FxEnabled":true},"in2DMode":false,"pivot":{"x":0.546727180480957,"y":-1.5577330589294434,"z":23.131591796875},"rotation":{"x":-0.0602727010846138,"y":-0.007181006018072367,"z":0.0007517289486713707,"w":-0.9982011318206787},"size":11.032170295715332,"orthographic":false}