{"cameraMode":{"drawMode":0,"name":"Shaded","section":"Shading Mode"},"sceneLighting":false,"audioPlay":false,"sceneViewState":{"m_AlwaysRefresh":false,"showFog":true,"showSkybox":false,"showFlares":true,"showImageEffects":true,"showParticleSystems":true,"showVisualEffectGraphs":true,"m_FxEnabled":true},"in2DMode":false,"pivot":{"x":-0.33277446031570437,"y":2.913817882537842,"z":1.865590214729309},"rotation":{"x":-0.5334315896034241,"y":0.020631220191717149,"z":-0.012805069796741009,"w":-0.8455346822738648},"size":0.7602534294128418,"orthographic":false}