{"cameraMode":{"drawMode":0,"name":"Shaded","section":"Shading Mode"},"sceneLighting":false,"audioPlay":false,"sceneViewState":{"m_AlwaysRefresh":false,"showFog":true,"showSkybox":false,"showFlares":true,"showImageEffects":true,"showParticleSystems":true,"showVisualEffectGraphs":true,"m_FxEnabled":true},"in2DMode":false,"pivot":{"x":0.0011882185935974122,"y":4.76837158203125e-7,"z":1.1865620613098145},"rotation":{"x":0.4850017726421356,"y":0.26214441657066347,"z":-0.155341237783432,"w":0.8197596669197083},"size":0.6062178015708923,"orthographic":false}