{"cameraMode":{"drawMode":0,"name":"Shaded","section":"Shading Mode"},"sceneLighting":false,"audioPlay":false,"sceneViewState":{"m_AlwaysRefresh":false,"showFog":true,"showSkybox":false,"showFlares":true,"showImageEffects":true,"showParticleSystems":true,"showVisualEffectGraphs":true,"m_FxEnabled":true},"in2DMode":false,"pivot":{"x":0.8811870813369751,"y":0.30000001192092898,"z":3.5692996978759767},"rotation":{"x":0.6466408967971802,"y":0.029991691932082177,"z":-0.025878947228193284,"w":0.761824905872345},"size":0.429796427488327,"orthographic":false}